{"cameraMode":{"drawMode":0,"name":"Shaded","section":"Shading Mode"},"sceneLighting":false,"audioPlay":false,"sceneViewState":{"showFog":false,"showMaterialUpdate":false,"showSkybox":false,"showFlares":false,"showImageEffects":false,"showParticleSystems":false},"in2DMode":false,"pivot":{"x":414.0,"y":261.2789306640625,"z":1.0226445198059083},"rotation":{"x":0.16903765499591828,"y":-0.6262717247009277,"z":0.1415618658065796,"w":0.7477890849113464},"size":495.63140869140627,"orthographic":false}