{"cameraMode":{"drawMode":0,"name":"Shaded","section":"Shading Mode"},"sceneLighting":true,"audioPlay":false,"sceneViewState":{"showFog":false,"showMaterialUpdate":false,"showSkybox":false,"showFlares":false,"showImageEffects":false,"showParticleSystems":false},"in2DMode":false,"pivot":{"x":1.921025037765503,"y":2.2900242805480959,"z":-0.9254536628723145},"rotation":{"x":0.017835689708590509,"y":0.7660245895385742,"z":0.02183213084936142,"w":-0.64238440990448},"size":5.620216369628906,"orthographic":false}